Codigo_Origem,Codigo_Regra,Codigo_Per_Regra,Nome,Descricao,Pericia_Treinada_1,Pericia_Treinada_2,Pericia_Treinada_Especial,Nome_Poder,Descricao_Poder,Fonte
1,,,Acadêmico,"Você era um pesquisador ou professor universitário. De forma proposital ou não, seus estudos tocaram em assuntos misteriosos e chamaram a atenção da Ordo Realitas.",6,15,,Saber é Poder,"Quando faz um teste usando Intelecto, você pode gastar 2 PE para receber +5 nesse teste.",OPRPG
2,,,Agente de Saúde,"Você era um profissional da saúde como um enfermeiro, farmacêutico, médico, psicólogo ou socorrista, treinado no atendimento e cuidado de pessoas. Você pode ter sido surpreendido por um evento paranormal durante o trabalho ou mesmo cuidado de um agente da Ordem em uma emergência, que ficou surpreso com o quão bem você lidou com a situação.",14,17,,Técnica Medicinal,"Sempre que cura um personagem, você adiciona seu Intelecto no total de PV curados.",OPRPG
3,,,Artista,"Você era um ator, músico, escritor, dançarino, influenciador... Seu trabalho pode ter sido inspirado por uma experiência paranormal do passado e o que o público acha que é pura criatividade, a Ordem sabe que tem um lado mais sombrio.",3,9,,Magnum Opus,"Você é famoso por uma de suas obras. Uma vez por missão, pode determinar que um personagem envolvido em uma cena de interação o reconheça. Você recebe +5 em testes de Presença e de perícias baseadas em Presença contra aquele personagem. A critério do mestre, pode receber esses bônus em outras situações nas quais seria reconhecido.",OPRPG
4,,,Atleta,"Você competia em um esporte individual ou por equipe, como natação ou futebol. Seu alto desempenho pode ser fruto de alguma influência paranormal que nem mesmo você conhecia ou você pode ter se envolvido em algum evento paranormal em uma de suas competições.",1,4,,110%,Quando faz um teste de perícia usando Força ou Agilidade (exceto Luta e Pontaria) você pode gastar 2 PE para receber +5 nesse teste.,OPRPG
5,,,Chef,"Você é um cozinheiro amador ou profissional. Talvez trabalhasse em um restaurante, talvez simplesmente gostasse de cozinhar para a família e amigos. Como sua comida fez com que você se envolvesse com o paranormal? Ninguém sabe. Mas os outros agentes adoram quando você vai para a missão!",10,22,,Ingrediente Secreto,"Em cenas de interlúdio, você pode fazer a ação alimentar-se para cozinhar um prato especial. Você, e todos os membros do grupo que fizeram a ação alimentar-se, recebem o benefício de dois pratos (caso o mesmo benefício seja escolhido duas vezes, seus efeitos se acumulam).",OPRPG
6,,,Criminoso,"Você vivia uma vida fora da lei, seja como mero batedor de carteiras, seja como membro de uma facção criminosa. Em algum momento, você se envolveu em um assunto da Ordem — talvez tenha roubado um item amaldiçoado? A organização, por sua vez, achou melhor recrutar seus talentos do que ter você como um estorvo.",7,11,,O Crime Compensa,"No final de uma missão, escolha um item encontrado na missão. Em sua próxima missão, você pode incluir esse item em seu inventário sem que ele conte em seu limite de itens por patente.",OPRPG
7,1,,Cultista Arrependido,"Você fez parte de um culto paranormal. Talvez fossem ignorantes iludidos, que acreditavam estar contatando entidades benevolentes. Talvez soubessem exatamente o que estavam fazendo. Seja como for, algo abriu seus olhos e agora você luta pelo lado certo — embora carregue para sempre traços de sua vida pregressa. Outros membros da Ordem podem desconfiar de sua conversão e você sabe que precisará se esforçar para conquistar a confiança de todos.",18,24,,Traços do Outro Lado,"Você possui um poder paranormal à sua escolha. Porém, começa o jogo com metade da Sanidade normal para sua classe.",OPRPG
8,2,,Desgarrado,"Você não vivia de acordo com as normas da sociedade. Podia ser um eremita, uma pessoa em situação de rua ou simplesmente alguém que descobriu o paranormal e abandonou sua rotina — sabendo o quão frágil era a existência humana, não conseguia simplesmente continuar indo para o trabalho todo o dia. De qualquer forma, a vida sem os confortos modernos o deixou mais forte.",10,25,,Calejado,Você recebe +1 PV para cada 5% de NEX.,OPRPG
9,,,Engenheiro,"Enquanto os acadêmicos estão preocupados com teorias, você colocar a mão na massa, seja como engenheiro profissional, seja como inventor de garagem. Provavelmente você criou algum dispositivo paranormal que chamou a atenção da Ordem.",22,27,,Ferramentas Favoritas,"Um item a sua escolha (exceto armas) conta como uma categoria abaixo (por exemplo, um item de categoria II conta como categoria I para você).",OPRPG
10,,,Executivo,"Você possuía um trabalho de escritório em uma grande empresa, banco ou corporação. Era um administrador, advogado, contador ou de qualquer outra profissão que lida com papelada e burocracia. Sua vida era bastante normal, até que você descobriu algo que não devia. Talvez o sucesso da empresa residisse em um ritual? Talvez toda a corporação fosse fachada para um culto e o presidente, um líder cultista envolvido com entidades paranormais? Após essa descoberta, você foi recrutado pela Ordem e trocou seu trabalho de escritório por missões de campo — hoje, sua vida é tudo, menos normal.",8,22,,Processo Otimizado,"Sempre que faz um teste de perícia durante um teste estendido, ou uma ação para revisar documentos (físicos ou digitais), pode pagar 2 PE para receber +5 nesse teste.",OPRPG
11,,,Investigador,"Você era um investigador do governo, como um perito forense ou policial federal, ou privado, como um detetive particular. Pode ter tido contato com o paranormal em algum caso ou ter sido recrutado pela Ordem por suas habilidades de resolução de mistérios.",15,19,,Faro para Pistas,"Uma vez por cena, quando fizer um teste para procurar pistas, você pode gastar 1 PE para receber +5 nesse teste.",OPRPG
12,,,Lutador,"Você pratica uma arte marcial ou esporte de luta, ou cresceu em um bairro perigoso onde aprendeu briga de rua. Já quebrou muitos ossos, tanto seus quanto dos outros. Pode ter conhecido a Ordem após um torneio secreto envolvendo entidades do Outro Lado ou ter sido recrutado pela sua capacidade de luta.",16,23,,Mão Pesada,Você recebe +2 em rolagens de dano com ataques corpo a corpo.,OPRPG
13,3,,Magnata,"Você possui muito dinheiro ou patrimônio. Pode ser o herdeiro de uma família antiga ligada ao oculto, ter criado e vendido uma empresa e decidido usar sua riqueza para uma causa maior, ou ter ganho uma loteria após inadvertidamente escolher números amaldiçoados que formavam um ritual.",8,20,,Patrocinador da Ordem,Seu limite de crédito é sempre considerado um acima do atual.,OPRPG
14,,,Mercenário,"Você é um soldado de aluguel, que trabalha sozinho ou como parte de alguma organização que vende serviços militares. Escoltas e assassinatos fizeram parte de sua rotina por tempo o suficiente para você se envolver em alguma situação com o paranormal.",12,13,,Posição de Combate,"No primeiro turno de cada cena de ação, você pode gastar 2 PE para receber uma ação de movimento adicional.",OPRPG
15,,,Militar,"Você serviu em uma força militar, como o exército ou a marinha. Passou muito tempo treinando com armas de fogo, até se tornar um perito no uso delas. Acostumado a obedecer ordens e partir em missões, está em casa na Ordo Realitas. O inimigo é diferente, mas um tiro bem dado continua resolvendo o problema.",21,26,,Para Bellum,Você recebe +2 em rolagens de dano com armas de fogo.,OPRPG
16,,,Operário,"Pedreiro, industriário, operador de máquinas em uma fábrica… Você passou uma parte de sua vida em um emprego braçal, desempenhando atividades práticas que lhe deram uma visão pragmática do mundo. Sua rotina mundana, entretanto, foi confrontada de alguma forma pelo paranormal, e você não consegue mais esquecer tudo que viu sobre os mistérios do mundo.",10,22,,Ferramenta de Trabalho,"Escolha uma arma simples ou tática que, a critério do mestre, poderia ser usada como ferramenta em sua profissão (como uma marreta para um pedreiro). Você sabe usar a arma escolhida e recebe +1 em testes de ataque, rolagens de dano e margem de ameaça com ela.",OPRPG
17,4,,Policial,"Você fez parte de uma força de segurança pública, civil ou militar. Em alguma patrulha ou chamado se deparou com um caso paranormal e sobreviveu para contar a história.",19,21,,Patrulha,Você recebe +2 em Defesa. ,OPRPG
18,,,Religioso,"Você é devoto ou sacerdote de uma fé. Independentemente da religião que pratica, se dedica a auxiliar as pessoas com problemas espirituais. A partir disso, teve contato com o paranormal, o que fez com que fosse convocado pela Ordem.",24,28,,Acalentar,"Você recebe +5 em testes de Religião para acalmar. Além disso, quando acalma uma pessoa, ela recebe um número de pontos de Sanidade igual a 1d6 + a sua Presença.",OPRPG
19,,,Servidor Público,"Você possuía carreira em um órgão do governo, lidando com burocracia e atendendo pessoas. Sua rotina foi quebrada quando você viu que o prefeito era um cultista ou que a câmara de vereadores se reunia à noite para realizar rituais. Quando os próprios representantes do povo estão dispostos a sacrificá-lo para entidades malignas, onde reside nossa esperança? Hoje, você sabe a resposta para essa pergunta: na Ordo Realitas.",14,28,,Espírito Cívico,"Sempre que faz um teste para ajudar, você pode gastar 1 PE para aumentar o bônus concedido em +2.",OPRPG
20,5,,Teórico da Conspiração,"A humanidade nunca pisou na lua. Reptilianos ocupam importantes cargos públicos. A Terra é plana... E secretamente governada pelos Illuminati. Você sabe isso tudo, pois investigou a fundo esses importantes assuntos. Quando sua pesquisa esbarrou no paranormal, você foi recrutado. Na Ordem, sua loucura determinação será usada para um bom propósito.",15,18,,Eu Já Sabia,"Você não se abala com entidades ou anomalias. Afinal, sempre soube que isso tudo existia. Você recebe resistência a dano mental igual ao seu Intelecto.",OPRPG
21,,,T.I.,"Programador, engenheiro de software ou simplesmente “o cara da T.I.”, você tem treinamento e experiência para lidar com sistemas informatizados. Seu talento (ou curiosidade exagerada) chamou a atenção da Ordem.",15,27,,Motor de Busca,"A critério do Mestre, sempre que tiver acesso a internet, você pode gastar 2 PE para substituir um teste de perícia qualquer por um teste de Tecnologia.",OPRPG
22,,,Trabalhador Rural,"Você trabalhava no campo ou em áreas isoladas, como fazendeiro, pescador, biólogo, veterinário... Você se acostumou com o convívio com a natureza e os animais e talvez tenha ouvido uma ou outra história de fantasmas ao redor da fogueira. Em algum momento da sua vida, porém, descobriu que muitas dessas histórias são verdadeiras.",2,25,,Desbravador,"Quando faz um teste de Adestramento ou Sobrevivência, você pode gastar 2 PE para receber +5 nesse teste. Além disso, você não sofre penalidade em deslocamento por terreno difícil.",OPRPG
23,,,Trambiqueiro,"Uma vida digna exige muito trabalho, então é melhor nem tentar. Você vivia de pequenos golpes, jogatina ilegal e falcatruas. Certo dia, enganou a pessoa errada; no dia seguinte, se viu servindo à Ordem. Pelo menos agora tem a chance de usar sua lábia para o bem.",7,9,,Impostor,"Uma vez por cena, você pode gastar 2 PE para substituir um teste de perícia qualquer por um teste de Enganação.",OPRPG
24,6,,Universitário,"Você era aluno de uma faculdade. Em sua rotina de estudos, provas e festas, acabou descobrindo algo — talvez um livro amaldiçoado na antiga biblioteca do campus? Por seu achado, foi convocado pela Ordem. Agora, estuda com mais afinco: nesse novo curso, ouviu dizer que as provas podem ser mortais.",5,15,,Dedicação,"Você recebe +1 PE, e mais 1 PE adicional a cada NEX ímpar (15%, 25%...). Além disso, seu limite de PE por turno aumenta em 1 (em NEX 5% seu limite é 2, em NEX 10% é 3 e assim por diante; isso não afeta a DT de seus efeitos).",OPRPG
25,7,,Vítima,"Em algum momento de sua vida — infância, juventude ou início da vida adulta — você encontrou o paranormal... E a experiência não foi nada boa. Você viu os espíritos dos mortos, foi atacado por uma entidade ou mesmo foi sequestrado para ser sacrificado em um ritual impedido no último momento. A experiência foi traumática, mas você não se abateu; em vez disso, decidiu lutar para impedir que outros inocentes passem pelo mesmo. E, já tendo sendo vítima do paranormal, se tornou habilidoso em evitar perigos.",23,28,,Cicatrizes Psicológicas,Você recebe +1 de Sanidade para cada 5% de NEX.,OPRPG
26,,,Amigo dos Animais,"Você desenvolveu uma conexão muito forte com outros seres: os animais. Seja por nunca ter se dado muito bem com humanos ou por preferir a companhia de um melhor amigo de quatro patas, você leva sua vida ao lado de um bichano e até mesmo aprende com a natureza perceptiva deles.",2,19,,Companheiro Animal,"Você consegue entender as intenções e sentimentos de animais, e pode usar Adestramento para mudar a atitude deles. Além disso, você possui um melhor amigo, um animal que cresceu com você e pelo qual tem profundo apego. Ele conta como um aliado que fornece +2 em uma perícia a sua escolha (aprovada pelo mestre). Quando você alcança NEX 35%, ele também passa a fornecer o bônus de um aliado de um tipo a sua escolha (aprovado pelo mestre). Por fim, quando você alcança NEX 70%, ele fornece a habilidade do tipo de aliado escolhido. Perder seu parceiro é muito doloroso. Se ele morrer, você perde 10 pontos de Sanidade permanentemente, além de ficar perturbado até o fim da cena. Como encontrar um novo companheiro fica a critério do mestre, mas geralmente será uma ação entre missões.",SaH
27,,,Astronauta,"Outrora limitada a membros de algumas agências espaciais estatais, a profissão de explorador espacial se tornou mais acessível conforme mais países, e até mesmo empresas privadas, se envolveram com viagens na fronteira final. Como um astronauta, você se acostumou à pressão de ser responsável pela vida de seus colegas e por experimentos de milhões de reais. E foi na escuridão do espaço que você descobriu que não estamos sozinhos.",6,10,,Acostumado ao Extremo,"Quando sofre dano de fogo, de frio ou mental, você pode gastar 1 PE para reduzir esse dano em 5. A cada vez que usa esta habilidade novamente na mesma cena, seu custo aumenta em +1 PE.",SaH
28,,,Chef do Outro Lado,"Você nunca foi muito bom na culinária convencional. Depois de sobreviver ao paranormal, entretanto, descobriu um talento que é considerado um grande tabu até mesmo pelos ocultistas mais experientes: cozinhar e ingerir entidades do Outro Lado. Acreditando estar realizando algum tipo de arte gastronômica esotérica, ou simplesmente por se render a impulsos incontroláveis, você elabora pratos nunca vistos antes misturando ingredientes comuns da Realidade com aquilo que não deveria existir. Você é a prova viva do ditado popular: “tem gosto pra tudo”.",18,22,,Fome do Outro Lado,"Você pode usar partes de criaturas do Outro Lado como ingredientes culinários. No início de cada missão você pode solicitar essas partes como itens de Categoria I que ocupam 0,5 espaço, e pode obtê-las de criaturas derrotadas (cada criatura Pequena ou maior fornece 1 ingrediente paranormal). Você pode gastar uma ação de interlúdio e 1 ingrediente para preparar um prato especial; faça um teste de Profissão (cozinheiro) com DT 15 + O (o mestre oculta o resultado do teste até alguém comer o prato). Se você passar no teste, o prato fornece RD 10 contra o tipo de dano do elemento da criatura cujo ingrediente foi usado. Caso contrário, o prato causa vulnerabilidade a esse tipo de dano. Os efeitos duram até o fim da próxima cena.
Independentemente do resultado, se alimentar do paranormal, por menor que seja a porção, gera consequências brutais e permanentes em seu organismo, sendo uma das formas mais rápidas de destruir sua mente. A cada refeição consumida, você perde 1 ponto permanente de Sanidade. Além disso, se estiver usando a regra opcional Nível de Experiência e Nível de Exposição (p. 98), o NEX do personagem aumenta em 3% para cada parte de criatura diferente que ingerir (mesmo que não esteja usando essa regra, use as alterações descritas na regra para personagens que ingerem partes de criaturas dessa forma). A coragem para se beneficiar desses pratos é algo muito mais presente em grupos de cultistas e, por todas essas razões, não é uma ação apoiada pela Ordo Realitas.",SaH
29,,,Colegial,"Você era um aluno do colegial e tinha uma rotina baseada nos estudos, nas amizades e nos dramas típicos de alguém da sua idade, até que um encontro com o paranormal mudou sua vida. Tendo se unido à Ordem com uma mentalidade juvenil e pouca experiência de vida, você descobriu que sua verdadeira força está nos amigos que fizer pelo caminho.",5,27,,Poder da Amizade,"Escolha um personagem para ser seu melhor amigo. Se estiver em alcance médio dele e vocês puderem, pelo menos, trocar olhares, você recebe +2 em todos os testes de perícia. Entretanto, se ele morrer, seu total de PE é reduzido em –1 para cada 5% de NEX até o fim da missão. Se perder seu melhor amigo, você pode escolher outro entre os demais personagens no início da próxima missão.",SaH
30,,,Cosplayer,"Você é apaixonado pela arte do cosplay e dedicou sua vida a criar a melhor fantasia possível. Constantemente questionado por pessoas que confundem seus gostos e preferências artísticas com acusações ignorantes, você se acostumou a seguir em frente. Confrontado com o paranormal, você colocou sua arte, e sua resiliência, a serviço da Ordem.",3,28,,"Não É Fantasia, É Cosplay!","Você pode fazer testes de disfarce usando Artes em vez de Enganação. Além disso, ao fazer um teste de perícia, se estiver usando um cosplay que tem relação com ele, você recebe +2. Por exemplo, se estiver vestido de James Bones, o gato agente secreto do famoso videogame arcade dos anos 90, você recebe +2 em testes para ser furtivo, se equilibrar e outras coisas nas quais um gato seria considerado eficiente.",SaH
31,8,,Diplomata,"Você atuava em uma área onde as habilidades sociais e políticas eram ferramentas indispensáveis. Talvez fosse representante comercial de uma empresa, membro de um partido político ou embaixador do governo. Em algum momento, entretanto, você teve uma experiência paranormal que revelou entidades com as quais não se é possível negociar. Agora, você usa os contatos que adquiriu para combater o Outro Lado.",5,8,,Conexões,"Você recebe +2 em Diplomacia. Além disso, se puder contatar um NPC capaz de lhe auxiliar, você pode gastar 10 minutos e 2 PE para substituir um teste de uma perícia relacionada ao conhecimento desse NPC, feito até o fim da cena, por um teste de Diplomacia.",SaH
32,,,Explorador,"Você é uma pessoa que se interessa muito por história ou geografia, frequentemente embarcando em trilhas e explorações para enriquecer seus estudos. Suas aventuras tornaram seu corpo mais resistente e capaz de se manter firme mesmo nas situações mais adversas. No entanto, um encontro trágico com o paranormal marcou sua jornada.",10,25,,Manual do Sobrevivente,"Ao fazer um teste para resistir a armadilhas, clima, doenças, fome, sede, fumaça, sono, sufocamento ou veneno, incluindo de fontes paranormais, você pode gastar 2 PE para receber +5 nesse teste. Além disso, em cenas de interlúdio, você considera condições de sono precárias como normais.",SaH
33,9,,Experimento,"Você foi uma cobaia em um experimento f ísico. Pode ter sido um voluntário em um procedimento experimental legítimo, ou submetido a experimentos científicos ou paranormais contra sua vontade. Qualquer que seja a natureza desse evento, causou alterações permanentes em seu corpo, como um cheiro forte de químicos, cicatrizes ou manchas estranhas, ou outra metamorfose claramente antinatural. Elas concedem capacidades extraordinárias, mas trazem um estigma que provoca reações negativas em outras pessoas.",4,10,,Mutação,"Você recebe resistência a dano 2 e +2 em uma perícia à sua escolha que seja originalmente baseada em Força, Agilidade ou Vigor. Entretanto, sofre −1d20 em Diplomacia.",SaH
34,,,Fanático Por Criaturas,"Você sempre foi obcecado pelo sobrenatural. Desde que pode se lembrar, a ideia de encontrar uma criatura o fascina tanto quanto o assusta. Essa faísca fez você se tornar um “caçador de monstros”, dedicando-se a localizar as feras citadas em documentários sensacionalistas. Para você, todo rumor e crendice pode esconder um fundo de verdade. Talvez uma de suas pesquisas o tenha levado diretamente a uma criatura paranormal, ou talvez elas tenham encontrado você primeiro. Afinal, você nunca esteve se escondendo.",15,18,,Conhecimento Oculto,"Você pode fazer testes de Ocultismo para identificar criatura a partir de informações como uma imagem, rastros, indícios de sua presença ou outras pistas que o mestre considere suficientes. Se passar, você descobre as características da criatura (conforme descrito na perícia), mas não sua identidade ou tipo específico. Além disso, quando passa em um teste de Ocultismo para identificar criatura, você recebe também +2 em todos os testes contra a criatura até o fim da missão.",SaH
35,,,Fotógrafo,"Você é um artista visual que usa câmeras para capturar momentos e transmitir histórias através de imagens estáticas. Costumeiramente movido pela paixão de observar o mundo ao seu redor, buscando ângulos únicos e perspectivas singulares para documentar a vida e a sociedade, você não fazia ideia de que encontraria elementos paranormais através de sua lente.",3,19,,Através da Lente,"Quando faz um teste de Investigação ou de Percepção ou para adquirir pistas olhando através de uma câmera ou analisando fotos, você pode gastar 2 PE para receber +5 nesse teste (um personagem que se move olhando através de uma lente anda à metade de seu deslocamento)",SaH
36,,,Inventor Paranormal,"A curiosidade e a criatividade fizeram de você uma pessoa que busca constantemente desafiar limites e criar soluções inovadoras, sendo mais de uma vez intitulado como um “cientista louco”. Você teve contato com o paranormal por meio de seus experimentos ou foi procurado pela Ordem porque suas pesquisas chamaram atenção demais. De qualquer forma, o Outro Lado inspira você a utilizar o desconhecido em suas invenções.",22,28,,Invenção Paranormal,"Escolha um ritual de 1º círculo. Você possui um invento paranormal, um item de categoria 0 que ocupa 1 espaço e que permite que você execute o efeito do ritual escolhido. Para ativar o invento, você gasta uma ação padrão (ou a ação necessária para lançar o ritual, o que for maior) e faz um teste de Profissão (engenheiro) com DT 15 +5 para cada ativação na mesma missão. Se passar, o item faz o equivalente a conjurar o ritual em sua forma básica sem pagar seu custo em PE. Se falhar, ele enguiça. Você pode gastar uma ação de interlúdio para fazer a manutenção do seu invento; fazer isso o conserta e redefine sua DT de ativação para 15. Você pode trocar o ritual contido em seu invento no início de cada missão.",SaH
37,,,Jovem Místico,"Você possui uma profunda conexão com sua espiritualidade, suas crenças ou o próprio universo. Essa conexão faz com que você veja o mundo e viva sua vida de forma diferente e peculiar, características que o tornaram mais suscetível a um encontro com o paranormal.",18,24,,A Culpa é das Estrelas,"Escolha um número da sorte entre 1 e 6. No início de cada cena, você pode gastar 1 PE e rolar 1d6. Se o resultado for seu número da sorte, você recebe +2 em testes de perícia até o fim da cena. Caso contrário, na próxima vez que usar esta habilidade, escolha mais um número como número da sorte. Quando rolar um de seus números da sorte, a quantidade de números volta a 1.",SaH
38,,,Legista do Turno da Noite,"Em um trabalho como o seu, é de se esperar que você já tenha visto muita coisa. No entanto, quando o sol se põe, seus colegas vão embora e a luz artificial deixa cantos sombrios do necrotério, talvez você veja mais do que gostaria. Os sons que poderiam ter sido fruto de sua imaginação se revelaram mais do que um truque da sua própria mente, fazendo você descobrir que nem sempre a morte é o fim de tudo.",6,17,,Luto Habitual,"Você sofre apenas a metade do dano mental por presenciar uma cena que, a critério do mestre, esteja relacionada à rotina de um legista (como presenciar uma morte, ver um cadáver ou encontrar órgãos humanos). Além disso, quando faz um teste de Medicina para primeiros socorros ou necropsia, você pode gastar 2 PE para receber +5 nesse teste.",SaH
39,,,Mateiro,"Você conhece áreas rurais e selvagens. Você pode ser um guia florestal, um biólogo de campo ou simplesmente um entusiasta da vida selvagem. Qualquer que seja sua relação com a natureza, ela foi sua porta para o contato com o Outro Lado.",19,25,,Mapa Celeste,"Desde que possa ver o céu, você sempre sabe as direções dos pontos cardeais e consegue chegar sem se perder em qualquer lugar que já tenha visitado ao menos uma vez. Quando faz um teste de Sobrevivência, você pode gastar 2 PE para rolar o teste novamente e escolher o melhor entre os dois resultados. Além disso, em cenas de interlúdio, você considera condições de sono precárias como normais.",SaH
40,10,,Mergulhador,"Seja por profissão ou por hobby, você é um aventureiro subaquático que explora os mistérios e maravilhas do mundo submerso. Trajando seu equipamento de mergulho, você consegue se aventurar a grandes profundidades para descobrir um mundo totalmente diferente daquele que conhecemos na superfície. Infelizmente, no dia em que você olhou para o abismo, ele encarou você de volta.",4,10,,Fôlego de Nadador,"Você recebe +5 PV e pode prender a respiração por um número de rodadas igual ao dobro do seu Vigor. Além disso, quando passa em um teste de Atletismo para natação, você avança seu deslocamento normal (em vez da metade).",SaH
41,,,Motorista,"Você é um caminhoneiro, motorista de aplicativo, motoboy, piloto de corrida, motorista de ambulância ou qualquer outro tipo de condutor profissional. Você levava a vida transportando cargas ou passageiros, até o dia em que suas viagens cruzaram o caminho do Outro Lado.",20,23,,Mãos no Volante,"Você não sofre penalidades em testes de ataque por estar em um veículo em movimento e, sempre que estiver pilotando e tiver que fazer um teste de Pilotagem ou resistência, pode gastar 2 PE para receber +5 nesse teste.",SaH
42,,,Nerd Entusiasta,"Você dedicou muito do seu tempo aprendendo sobre videogames, RPGs de mesa, ficção científica ou qualquer outro assunto considerado “nerd”. Sua obsessão em pesquisar fundo seus assuntos de interesse e sua capacidade em lidar com os mais variados temas chamou a atenção de organizações paranormais.",6,27,,O Inteligentão,O bônus que você recebe ao utilizar a ação de interlúdio ler aumenta em +1 dado (de +1d6 para +2d6).,SaH
43,,,Psicólogo,"Você se especializou no estudo e tratamento das questões mentais do ser humano. Em sua prática profissional, você teve contato com o paranormal e descobriu que algumas aflições mentais possuem origens sombrias e perigosas. Agora, você emprega seus conhecimentos para enfrentar o Outro Lado.",14,22,,Terapia,"Você pode usar Profissão (psicólogo) como Diplomacia. Além disso, uma vez por rodada, quando você ou um aliado em alcance curto falha em um teste de resistência contra um efeito que causa dano mental, você pode gastar 2 PE para fazer um teste de Profissão (psicólogo) e usar o resultado desse teste no lugar do teste de resistência falho.",SaH
44,,,Repórter Investigativo,"Você está sempre em busca de histórias significativas, investigando eventos, entrevistando fontes e analisando dados para descobrir a verdade por trás dos acontecimentos. Profissionais do seu ramo costumam ser curiosos, persistentes e, em muitos casos, éticos em sua busca pela verdade. Por outro lado, essa profissão leva pessoas ao encontro do indescritível, e com você não foi diferente.",5,15,,Encontrar a Verdade,"Você pode usar Investigação no lugar de Diplomacia ao fazer testes para persuadir e mudar atitude e, quando faz um teste de Investigação, pode gastar 2 PE para receber +5 nesse teste.",SaH
45,,,Caçador de Recompensas,Sua sede pelo dinheiro fácil sempre te guiou na exploração dos locais mais obscuros. Você sabe muito bem que as situações mais insalubres guardam as melhores recompensas.,7,15,,"Quem Não Arrisca, Não Petisca","Você recebe +2 em testes para resistir à condições mentais e de medo. Além disso, caso falhe em algum desses testes, você recebe +1d20 no próximo teste que fizer. Esse bônus termina no fim da cena e não é cumulativo com ele mesmo.",AS4
46,,,Cientista Ex-Panacea,"Ingênuo, você passou anos trabalhando para a Panacea Industries até descobrir que prestava serviços para uma grande organização responsável por aprisionar e utilizar criaturas paranormais que pesquisam para enfrentarem umas às outras. Quando soube do uso de cobaias humanas nesses experimentos, decidiu parar de apoiar as pesquisas e se voltou contra a multinacional.",5,6,,Existe uma Explicação,"Acostumado a ver o paranormal como um assunto científico, você prefere lidar com o sobrenatural através de teorias, cálculos e testes experimentais. Quando faz um teste de Ocultismo, você pode gastar 2 PE para usar Ciências no lugar dessa perícia.",AS6
47,,,Cobaia Sobrevivente,"Você foi pego pelas Indústrias Panacea (ou outra organização semelhante) ainda pequeno, mas, após anos como cobaia, conseguiu sobreviver aos experimentos com o mínimo de sequelas mentais e/ou físicas. Após escapar das garras da multinacional, passou a dedicar a sua vida a encontrar meios de salvar outras pessoas do destino trágico que você evitou.",10,28,,Forças para Enfrentar,"Ser uma cobaia por anos marcou você com experiências horríveis, mas que, às vezes, podem ser usadas como força para continuar sobrevivendo. Descreva para o mestre a parte mais traumática da sua história como cobaia. Quando estiver em uma cena em que há algo relacionado a esse trauma, à critério do mestre, você fica abalado. Entretanto, quando isso acontecer, você pode gastar 2 PE para, até o fim da cena, receber imunidade a efeitos de medo (se aplica também ao abalado desta habilidade).",AS6
48,,,Funcionário de Beira de Estrada,"Longe das grandes concentrações urbanas, em paradeiros de viagem ou postos de gasolina, você dava o seu melhor para atender os viajantes cansados das capitais. Entre madrugadas à dentro e caminhões barulhentos, as lendas urbanas e relatos horripilantes eventualmente chegaram aos seus ouvidos e atiçaram a sua curiosidade.",10,14,,Turno Invertido,"Uma vez por missão, durante uma cena de interlúdio, você pode receber os benefícios da ação dormir sem precisar realizá-la. Além disso, recebe +2 em testes contra qualquer efeito que tente te deixar inconsciente.",AS5
49,,,Influencer Paranormal,"De início, você nunca acreditou nas lendas urbanas e vídeos de fantasmas, então resolveu se aproveitar daqueles que acreditam. Foi produzindo conteúdos falsos e duvidosos para a internet que você descobriu a dura verdade por trás da Membrana.",9,27,,Registrar o Paranormal,"Uma vez por cena, você pode gastar uma ação padrão e 2 PE para criar um registro de uma criatura paranormal ou ritual que tenha sido conjurado na mesma cena. A ação padrão deve ser gasta para tirar uma foto, fazer um vídeo ou algum tipo de registro desse tipo. Você recebe +5 em testes contra presença perturbadora de criaturas que tenham sido registradas previamente. Além disso, pode gastar uma ação de interlúdio para memorizar um único ritual registrado, podendo conjurá-lo como se o conhecesse até a próxima cena de interlúdio, desde que tenha o NEX necessário (1° círculo a partir do NEX 5%, 2° círculo a partir do NEX 25%, 3° círculo a partir do NEX 55% e 4° círculo a partir do NEX 85%).",AS4
50,,,Segurança Ex-Panacea,"Acreditando que trabalhava em uma multinacional dedicada à saúde e bem-estar da população, você quase enlouqueceu quando descobriu que fazia a segurança para cientistas dispostos a usar cobaias humanas em seus experimentos com o paranormal. Assim que soube a verdade, abandonou as Indústrias Panacea para acabar com a existência dela.",16,21,,Técnicas de Contenção,"Você domina técnicas de luta para conter pessoas que podem causar problemas. Quando faz uma manobra de combate, você pode gastar 2 PE para receber +5 no teste de manobra.",AS6
51,11,,Transtornado Arrependido,"Você já caminhou entre os Transtornados. Talvez tenha sido um seguidor cego, seduzido pelas promessas de transcendência por meio da carne e da dor. Talvez tenha conhecido a natureza visceral do culto desde o início e ainda assim escolheu mergulhar no delírio. Seja como for, em algum momento algo rompeu o ciclo. Você se libertou, mas ainda sente o eco dos rituais e a presença do Sangue sussurrando na própria carne.",16,18,,Sofrimento de Sangue,"Eles podem tentar… mas já não dói mais. Você recebe RD 2/mental. Para cada dois rituais de Sangue ou poderes paranormais de Sangue que possua, a RD aumenta em +1. Contudo, a lembrança das desgraças que você viveu causa pesadelos horríveis, que o impedem de repousar tranquilamente. Sua condição de descanso é sempre uma categoria pior (luxuosa se torna confortável, confortável se torna normal e normal se torna precária).",AS1
52,,,Ufólogo,"Você sempre soube que não estávamos sozinhos no universo. Muitos já te consideraram um lunático, mas algo dizia que suas teorias sempre estavam no caminho certo. As intermináveis pesquisas sobre o espaço, sinais no céu e seres de outros planetas eventualmente te fizeram perceber que o oculto não mede distâncias. Onde há medo, há algo incompreensível para espreitar.",6,18,,Minha Teoria Absurda,"Uma vez por missão em que há algo a ser investigado, você pode gastar 10 minutos para apresentar ao seu grupo sua tese sobre as prováveis respostas para a investigação. Obviamente, isso deve ser feito antes de terem todas as respostas. Se, quando a missão acabar, sua tese se provar correta, você recebe +3 PE máximos e atuais.",AS5
53,,,Gaudério Abutre,"Você fez parte dos valorosos Gaudérios Abutres. Mesmo longe do motoclube, ainda segue o lema ""A gente morre por quem a gente ama"".",16,20,,Fraternidade Gaudéria,"Uma vez por rodada, quando um aliado adjacente é alvo de um ataque ou efeito, você pode gastar 1 PE para trocar de lugar com este aliado e se tornar o alvo deste ataque ou efeito. Se fizer isso, em seu próximo turno você recebe +2 em testes de ataque contra o agressor.",HQ OSNF PT1
54,4,,Ginasta,"Desde muito jovem, você passou a maior parte de sua vida em ginásios (ou talvez em antigos templos monásticos) praticando as mais difíceis acrobacias. Sua preparação foi árdua e dolorosa, mas aprimorou seu corpo, sua técnica e sua disciplina. Recrutado pela Ordo Realitas, essas se tornaram suas principais ferramentas para enfrentar o Outro lado. E com elas, você planeja fazer as criaturas paranormais sofrerem muito mais do que você sofreu em seus treinos.",1,23,,Mobilidade Acrobática,Você recebe +2 na Defesa e seu deslocamento aumenta em +3m.,HQ OSNF PT1
55,,,Revoltado,"Alguma coisa aconteceu em sua juventude que fez com que você se rebelasse contra o mundo ao seu redor. Talvez seus parentes tenham sido ausentes, por escolha ou por algum evento trágico, talvez outra perda tenha marcado seu coração. Qualquer que seja a razão, você possui iguais doses de rebeldia e independência e, acima de tudo, aprendeu a se virar sozinho. Recrutado pela Ordem, você luta por vingança - ou para que outros não passem pelo que você passou.",11,28,,Antes Só,"Você recebe +1 na Defesa, em testes de perícias e em seu limite de PE por turno se estiver sem nenhum aliado em alcance curto.",HQ OSNF PT1
56,,2,Amnésico,"Você perdeu a maior parte da memória. Sabe apenas o próprio nome, ou nem isso. Sua amnésia pode ser resultado de um trauma paranormal ou mesmo de um ritual. Talvez você tenha sido vítima de cultistas? Talvez você tenha sido um cultista? Seja como for, hoje a Ordem é a única família que conhece. Quem sabe, cumprindo missões, você descubra algo sobre seu passado.",,,Duas à escolha do mestre,Vislumbres do Passado,"Uma vez por sessão, você pode fazer um teste de Intelecto (DT 10) para reconhecer pessoas ou lugares familiares, que tenha encontrado antes de perder a memória. Se passar, recebe 1d4 PE temporários e, a critério do mestre, uma informação útil.",OPRPG
57,13,1,Profetizado,"Como qualquer pessoa, você vai morrer. Entretanto, diferente delas, você sabe como isso vai acontecer. De algum jeito, seja por pesadelos, pensamentos intrusivos ou até visões inesperadas, você tem uma premonição clara — ou misteriosa e enigmática — de como serão seus últimos momentos de vida. O mestre pode determinar essa “cena de morte” em segredo e revelar apenas os detalhes que você já premuniu ou ambos podem determinar as condições para esse inevitável falecimento. A cena pode ser bem detalhada ou conter apenas alguns sinais. Por exemplo: “você se vê pendurado em um gancho de carne, sangrando até desfalecer, no subsolo de um açougue” ou “a única coisa de que se lembra é da visão de um gancho”. Será que você é capaz de mudar seu próprio destino?",28,,"mais uma à sua escolha, relacionada a sua premonição.",Luta ou Fuga,"Conhecer os sinais de sua morte o deixa mais confiante, principalmente quando eles não estão presentes. Você recebe +2 em Vontade. Quando surge uma referência a sua premonição (um objeto semelhante a um gancho, por exemplo, para alguém cuja morte está ligada a morrer em um gancho de carne), uma onda de adrenalina toma seu corpo e seus instintos de luta ou fuga se intensificam. Além do bônus em Vontade, você recebe +2 PE temporários que duram até o fim da cena.",SaH
58,,1,Ferido por Ritual,"Você tinha uma vida ordinária, até sofrer os efeitos paranormais de um ritual (escolha entre Sangue, Morte, Conhecimento ou Energia). A partir de então, sua existência mundana foi deturpada pelo Outro Lado.",18,,"1 perícia definida pelo elemento do ritual (Fortitude para Sangue, Vontade para Morte e Conhecimento ou Reflexos para Energia).",Mácula Ritualística,"A entidade marcou você com um ritual de 1º círculo a sua escolha do elemento correspondente. Você aprende a conjurar o ritual. Além disso, uma vez por cena, pode conjurá-lo sem gastar PE (mas ainda precisa gastar PE para qualquer efeito adicional, como formas avançadas). Esse ritual não conta no seu limite de rituais conhecidos. Em contrapartida, sofre -1d20 em testes de resistência contra efeitos (como rituais ou poderes paranormais) desse elemento.",AS1
59,,3,Perdurante,"Um acidente ou evento paranormal causou seu corpo a ficar preso no tempo, enquanto sua mente se desvencilhou em um transe por anos. Agora desconectado da época em que vive, sua mente se negando a absorver conhecimento sobre ela, você se encontrou desamparado, mas encontrou um lugar onde pertence na Ordem.",,,veja abaixo,Fora de Época,"Escolha outra Origem. Isso é o que você fazia antes de ficar preso no tempo. Você recebe apenas uma das Perícias dessa Origem (à sua escolha) e recebe uma versão enfraquecida da Habilidade da Origem (o Mestre decide como essa fraqueza se parece). Além disso, você começa com um Poder de Classe (de qualquer classe, que pode ser Transcender com permissão do Mestre) adicional.",Homebrew
60,14,4,Depressivo,"Seus dias se resumem a falta de motivação seguida por cansaço extremo apenas por existir. De alguma forma, mesmo em sua rotina abatida, você entrou em contato com o paranormal e, subsequentemente, a Ordem. Você espera que que sua nova vida na Ordem desperte algo mais em seu cerne.",,,5 perícias à sua escolha.,Mente Frágil,Você começa com apenas dois terços de seus PE iniciais e sofre -2 em testes de Vontade.,Homebrew
61,,5,Perturbado,"Uma condição severa tomou conta de sua mente, seja de forma paranormal ou natural. Talvez você tenha sido salvo pela Ordem e, mesmo com a percepção da realidade rasgada, decidiu que vale a pena lutar para manter aqueles diferentes de você longe das garras da loucura.",,,Três perícias à sua escolha que não tenham Intelecto ou Vontade como atributo base,Furacão Mental,"Você começa o jogo com um efeito de insanidade permanente, metade da sua Sanidade inicial e resistência mental 10.",Homebrew
62,,1,Agente de Nascença,"Seja pelo motivo que for, você cresceu ao redor da Ordem. Talvez um de seus pais ou seu guardião legal seja um agente, ou você foi “adotado” por um dos líderes, de qualquer forma, você se preparou a vida toda para fazer parte da mesma, e não há quem diga que durante esses anos você não adquiriu alguns favores.",26,,A perícia fornecida por sua trilha e Tática,Agente Prodígio,Você diminui a categoria de dois itens à sua escolha (exceto armas) em 1.,Homebrew
63,,6,Recluso,"Seja por vontade própria ou por ter sido linchado pela sociedade, você passa seus dias completamente solitário, mas não necessariamente sozinho. Você observa de longe, aprendendo o que pode sobre as pessoas e locais à sua volta.",11,19,14,Observador Nato,Você têm +2d20 em testes de Intuição contra pessoas que estejam alheias à sua presença e em testes de Percepção para observar enquanto estiver escondido.,Homebrew
64,,6,Dançarino,"Seu corpo se move como um pincel em uma folha de papel, pintando sentimentos e histórias com movimentos graciosos e detalhados quando numa peça refinada, ou bruscos e amplos quando numa peça bruta. Independente do estilo que seja sua especialidade, você encontra uma forma de aplicar sua maestria corporal em seu combate contra o paranormal.",3,1,4,Graciosidade Superba,"Você recebe +3 na defesa. Além disso, se escolher Acrobacia como a sua segunda perícia, você recebe +2 em testes de Reflexo, e se escolher Atletismo como sua segunda perícia, você recebe +2 em testes de Fortitude.",Homebrew
65,,,Papiloscopista,"Você era um artista da polícia que fazia os retratos falados de criminosos. Durante um de seus trabalhos, uma vítima descreveu um criminoso com características impossíveis, e isso o levou a uma investigação pessoal que revelou para você a existência do paranormal, ou até da Ordem. Hoje, você usa suas habilidades imaginativas para encontrar e combater ocultistas e criaturas.",3,15,,Investigação Recognitiva,"Uma vez por missão, você pode fazer um teste de Artes para desenhar uma pessoa ou criatura baseado em sua descrição. Quando o faz, você e seus aliados recebem +5 em todos os testes baseados em Intelecto que fizerem contra esse ser até o fim da missão.",Homebrew
66,,,Engenheiro de Minas,"Você é um mestre em planejar escavações e coletas de matéria bruta das profundezas da terra, tendo conhecimento geral de maquinário, terraplanagem e até geologia. Durante um de seus projetos, um fenômeno paranormal subterrâneo foi desacobertado, eventualmente te levando à descoberta da Ordem.",6,26,,Planejador Nato,"Ao fazer a ação Analisar Terreno da perícia Tática, além do bônus normal, você e seus aliados também ignoram terreno difícil até o fim da cena.",Homebrew
67,,,Historiador,"Seu trabalho como historiador te levou a viajar boa parte do mundo, sempre atrás do próximo estudo, do próximo artefato, até que seus estudos te levaram longe demais. Seja por ter encontrado o Paranormal em uma de suas expedições ou ter recebido um artefato misterioso no conforto de seu escritório, o conhecimento do Outro Lado te levou à Ordem, onde você continua seus estudos, mas, agora, por uma razão… maior.",5,15,,Reconstruir o Passado,Você já tem costume em deduzir informações baseado em quantidades minúsculas de informação. Você recebe duas pistas adicionais ao Revisar o Caso.,Homebrew
68,,,Cavaleiro,"Vindo de um lugar remoto que ainda possui uma sociedade medieval de reinado, você fazia parte da Guarda Real. Seja por vontade própria ou por ter sido banido, você agora se encontra numa sociedade infinitamente mais complexa, onde seu código moral tem dificuldade de acompanhar as nuances sociais.",10,16,,Armadura Real,"Enquanto estiver vestindo uma Proteção Pesada, sempre que acertar um ataque corpo a corpo com uma arma de duas mãos, você adiciona metade do valor de Defesa concedido pela proteção em sua rolagem de dano.",Homebrew
69,15,,Bully,"Durante a escola, você era a criança mais perigosa do parquinho, e cresceu sendo o mesmo. Sua arrogância e ego sem igual são, infelizmente, uma ferramenta útil na luta contra o paranormal. Afinal, como as garras da loucura seriam capazes de agarrar alguém tão obstinado e confiante?",13,28,,Cruel,"Você recebe resistência mental igual a metade de seu bônus de Intimidação, arredondado para cima.",Homebrew
70,,,Investigador Paranormal,"Você era um investigador particular ou detetive da polícia que lidava com casos inexplicáveis. Seus resultados podem ter chamado a atenção da Ordem, ou talvez você tenha descoberto a Ordem em suas investigações.",15,18,,Algo Que Aprendi por Aí,Você começa sabendo um ritual de primeiro círculo de sua escolha. Este ritual não conta para o seu limite de rituais conhecidos.,Homebrew
71,,,Guarda Costas,"Você era um guarda costas, seja para uma celebridade, um poderoso criminoso, ou até à contrato. Após perceber que um de seus clientes realizava rituais ou outras atividades paranormais, você decidiu usar sua força e experiência para combatê-los.",13,16,,Pose Estóica,Você recebe +2d20 em testes de Intimidação.,Homebrew
72,,,Corredor Automobilístico,"Não um conceito arquitetônico, mas um maníaco por velocidade. Em sua carreira fazendo corridas, sendo clandestinas ou oficiais, você ganhou proficiência excepcional com veículos, além de certas capacidades sociais, até porquê, o que é uma corrida sem um show? Nem sempre os inimigos da Ordem ficam parados, e não tem ninguém melhor que você para alcançar até os mais rápidos entre eles.",8,20,,Maluco na Estrada,O costume com velocidade extrema fez com que qualquer outra situação pareça brincadeira de criança. Você não precisa fazer testes de Pilotagem em situações ruins e a DT dos testes por dirigir em condição terrível diminui em -5.,Homebrew
73,,,Ator,"Outras vidas te inundam num piscar de olhos. Você molda sua personalidade como massinha, criando máscaras invisíveis que te permitem passar pelas armaduras dos outros como e quando desejar. Até hoje, não houve ninguém capaz de se comparar com sua habilidade em não ser você mesmo.",3,9,,Ditirambo,"Sempre que faz um teste de Enganação (ou Diplomacia e Intimidação também, com permissão do Mestre) para qualquer uso exceto Falsificação, você adiciona seu valor de Artes no resultado do teste. Se tirar 18, 19 ou 20 no dado, porém, você sofre 2 pontos de dano de Sanidade, se perdendo no papel.",Homebrew
74,,,Músico,"O poder da música preenche sua alma como a vibração de um bass que chacoalha seu corpo. Do metal mais pesado ao clássico mais refinado, você entende a música como uma história, uma conversa, uma entidade que está ao nosso redor a todo momento. ",3,19,,Ouvido Absoluto,"Você pode gastar uma ação padrão para parar e ouvir o ritmo de tudo ao seu redor, te fornecendo uma clareza de tudo que está presente. Você deve fazer um teste de Percepção DT 15, se passar, sabe a direção geral de cada ser e objeto que se moveu pelo menos três metros na última rodada e que ainda esteja em alcance curto de você. Se algo saiu de alcance curto de você, você sabe disso.",Homebrew
75,,,Escritor,"As palavras te chamam, te guiam, te mostram. São tanto uma ferramenta quanto parte de você, e você sabe as brandir com elegância e precisão. Durante sua carreira como escritor, aprendeu a compreender conceitos e organizar informações de forma excepcionalmente prática e, agora, usa essas habilidades para na luta contra o paranormal.",3,14,,Mapa Mental,"Sempre que faz a ação Revisar o Caso numa cena de interlúdio, você tem direito a um teste de Intuição de DT20 ou igual a DT mais alta dentre as informações encontradas, o que for mais alto. Se passar, você recebe duas pistas adicionais além do que você normalmente receberia.",Homebrew
76,,,Cantor,"Para você, não há nada mais reconfortante que o calor de suas cordas vocais aquecidas por uma boa performance. As palavras podem nem ser suas, mas você as domina de forma espetacular. Não há quem não fique impressionado com sua presença, e você sabe disso.",3,10,,Alma da Festa,"Durante uma cena de Interlúdio, sempre que faz uma ação que não seja Dormir ou Relaxar, você pode gastar 3 PE para realizá-la enquanto canta, inspirando e animando seus aliados. Esta ação agora conta como dois personagens usando Relaxar quando considerando pontos adicionais por participantes.",Homebrew
77,,,Pintor,"Seu trabalho é delicado e excruciante, mas anos o repetindo lhe concedeu paciência e autocontrole invejáveis. Mais que isso, você possui um entendimento de formas e técnicas mais profundo que qualquer um. Por anos você esteve procurando sua musa, o objeto supremo para ser o foco de suas pinturas. Talvez, em uma de suas missões com a Ordem, você o encontrará.",3,28,,Procurar a Musa,"Quando faz uma cena de interlúdio, você pode usar duas ações para Pintar um quadro para um aliado. Essa ação recupera pontos de sanidade de você e do aliado escolhido igual ao dobro do que recuperariam fazendo a ação Relaxar. Pintar conta como Relaxar quando considerando pontos adicionais por participantes.",Homebrew
78,,,Influencer,"Muitos não consideram sua carreira como uma forma de arte, e talvez nem mesmo você considere. O que você sabe, porém, é como fazer os outros acreditarem que você ama esse trabalho, não importa como você esteja se sentindo na hora de tirar uma foto ou gravar um vídeo.",3,4,,Dá o Like e Se Inscreve,"Escolha uma perícia (exceto Luta e Pontaria). Essa perícia representa o tipo de conteúdo que você produz ou produzia antes de entrar para a Ordem. Sempre que faz um teste dessa perícia, você pode gastar 5 PE para adicionar seu bônus de Artes ao teste.",Homebrew
79,,,Anfitrião,"Apresentadores de TV, mestres de picadeiro, guias de parques temáticos, todos são exemplos de anfitriões profissionais. Você, sendo um deles, tem uma personalidade bombástica e entusiasmada, ou pelo menos, sabe fingir ter uma muito bem. Mais que tudo, você é um mestre em garantir que o show continue nos trilhos.",3,8,,O Rei do Show,"Em qualquer cena em que você ou um aliado em alcance curto esteja tentando receber respostas de um personagem (como em uma interrogação, por exemplo), você pode escolher passar automaticamente num teste de perícia para receber uma resposta, mas a quantidade de perguntas que você pode perguntar diminui em 1 (se for uma interrogação pode fazer uma pergunta a menos, se for uma cena de investigação a urgência aumenta em 1, etc.)",Homebrew
80,,,Repórter,"Poucos entendem a importância de um repórter, a janela por qual é disseminada cada gota de informação. Muitas vezes são ignorados, pois não são os responsáveis pelas descobertas magníficas das quais falam. Você é um caso interessante, não teve envolvimento nenhum com o evento paranormal que iniciou sua carreira na Ordem, mas foi brevemente responsável pela disseminação de sua existência. Alguns te chamariam de ocultista por isso.",5,8,,Eloquência Informativa,"No final da missão, se você for o responsável por dar o relatório final, você e seus aliados recebem +5 pontos de prestígio.",Homebrew
81,,2,Amnésico,"Você perdeu a maior parte da memória. Sabe apenas o próprio nome, ou nem isso. Sua amnésia pode ser resultado de um trauma paranormal ou mesmo de um ritual. Talvez você tenha sido vítima de cultistas? Talvez você tenha sido um cultista? Seja como for, hoje a Ordem é a única família que conhece. Quem sabe, cumprindo missões, você descubra algo sobre seu passado.",,,Duas à escolha do mestre.,Vislumbres do Passado,"Uma vez por sessão, você pode fazer um teste de Intelecto (DT 10) para reconhecer pessoas ou lugares familiares, que tenha encontrado antes de perder a memória. Se passar, recebe 1d4 PE temporários e, a critério do mestre, uma informação útil.",OPRPG
82,,2,Clone,"Você não sabe quando, como, se é o original ou a cópia, mas em algum outro lugar existe uma sósia perfeita de você, e você suspeita que um de vocês seja um clone e, provavelmente, ele suspeita também.",,,Duas à escolha do mestre.,Cópia Barata,"Sua existência é apenas uma cópia de outra pessoa, até certo ponto. Antes de você fazer sua ficha, o mestre deve ter um bom entendimento da personalidade de sua sósia. O mestre, então, deve te acompanhar em seu processo de criação, e sempre que você fizer uma escolha (como Classe, Trilha, Poderes, etc.), o mestre deve, logo antes, te dar sugestões, que representam o que sua sósia escolheria. Cada vez, você deve escolher se conformar com seus instintos, ou desobedecê-los, se forçando a agir como alguém novo. O mestre anota quantas vezes você decidiu se conformar e desobedecer, se você se conformou mais vezes que desobedeceu, você recebe +1d20 em ambas as perícias fornecidas por esta origem, mas -5 em Vontade, e é considerado uma Cópia, se você desobedeceu mais vezes que se conformou, você recebe +2d20 em testes de Vontade, mas -2 em ambas as perícias fornecidas por esta origem, e é considerado um Indivíduo. Se as escolhas empataram, você pode escolher ser uma Cópia ou um Indivíduo. Conforme avança de nível e faz novas escolhas, você pode mudar entre Cópia e Indivíduo.
Ao se encontrar cara a cara com sua sósia, suas ações sobre ela são determinadas por como você se sente sobre ela. Se você for uma Cópia, fica obcecado em tomar seu lugar, se for um Indivíduo, fica obcecado em a destruir.",Homebrew
83,,7,Aviador,"Seja por trabalho ou por apenas desejar uma vida tranquila e isolada no alto do céu, você tem uma proficiência excepcional com veículos aéreos. A Ordem constantemente faz missões internacionais, é seu trabalho levar seus parceiros até onde eles precisam chegar.",,,Veterano em Pilotagem,Filho dos Céus,Você recebe +5 em testes de Pilotagem para pilotar veículos aéreos.,Homebrew